fold,arm,retained_test,window_accuracy,trial_accuracy,initial_state_hash,first_training_loss,training_X_sha256,training_y_sha256,train_trials,epochs,best_epoch,schedule,fixed_training,selection_hit_cap
0,old_fixed,48,0.5954301075268817,0.8541666666666666,8c8ae9da2b83c4d228f53b7441972c61df2a63e29d035e1be9ea430dd5fa5400,19.426889722710413,b2c72a3d5a8631ecc6ee1a78abcfdf440d214a58a49e9384bf261e10f16d9eb1,324ff946ab1ad0aff065f301dc6acd8827abb3ddc893a93d27361d324c2aa818,"[1, 2, 3, 4, 7, 8, 9, 10, 11, 12, 13, 14, 15, 16, 17, 18, 21, 22, 24, 25, 26, 27, 28, 31, 32, 34, 35, 36, 37, 38, 39, 40, 41, 42, 43, 45, 46, 47, 48, 49, 50, 51, 52, 53, 56, 57, 58, 59, 61, 62, 63, 64, 65, 66, 68, 69, 70, 71, 76, 77, 78, 79, 80, 81, 84, 85, 87, 88, 90, 92, 93, 94, 95, 96, 97, 98, 99, 100, 101, 102, 103, 104, 105, 106, 107, 108, 109, 110, 111, 112, 113, 114, 115, 116, 117, 118, 119, 120, 123, 124, 125, 126, 127, 128, 129, 130, 131, 132, 133, 134, 135, 137, 139, 140, 142, 143, 144, 145, 146, 147, 148, 149, 150, 151, 152, 154, 156, 158, 160, 161, 162, 163, 164, 165, 166, 167, 168, 170, 171, 172, 173, 175, 176, 179, 180, 181, 182, 183, 184, 185, 188, 189, 190, 192, 193, 194, 195, 196, 197, 198, 199, 200, 201, 205, 209, 210, 211, 212, 214, 215, 216, 217, 218, 220, 221, 222, 223, 224, 225, 226, 227, 228, 229, 232, 233, 234, 235]",60,60,"[0.001, 0.001, 0.001, 0.001, 0.001, 0.001, 0.001, 0.001, 0.001, 0.001, 0.001, 0.001, 0.001, 0.001, 0.001, 0.001, 0.001, 0.001, 0.001, 0.001, 0.001, 0.001, 0.001, 0.001, 0.001, 0.001, 0.001, 0.001, 0.001, 0.001, 0.001, 0.001, 0.001, 0.001, 0.001, 0.001, 0.001, 0.001, 0.001, 0.001, 0.001, 0.001, 0.001, 0.001, 0.001, 0.001, 0.001, 0.001, 0.001, 0.001, 0.001, 0.001, 0.001, 0.001, 0.001, 0.001, 0.001, 0.001, 0.001, 0.001]",True,False
0,new_fixed,48,0.6108870967741935,0.7083333333333334,8c8ae9da2b83c4d228f53b7441972c61df2a63e29d035e1be9ea430dd5fa5400,19.349935205303808,5043af27e87cd52a5b0f89bc0522b77fc2527f72b654631fd6b2101df886a8e4,324ff946ab1ad0aff065f301dc6acd8827abb3ddc893a93d27361d324c2aa818,"[1, 2, 3, 4, 7, 8, 9, 10, 11, 12, 13, 14, 15, 16, 17, 18, 21, 22, 24, 25, 26, 27, 28, 31, 32, 34, 35, 36, 37, 38, 39, 40, 41, 42, 43, 45, 46, 47, 48, 49, 50, 51, 52, 53, 56, 57, 58, 59, 61, 62, 63, 64, 65, 66, 68, 69, 70, 71, 76, 77, 78, 79, 80, 81, 84, 85, 87, 88, 90, 92, 93, 94, 95, 96, 97, 98, 99, 100, 101, 102, 103, 104, 105, 106, 107, 108, 109, 110, 111, 112, 113, 114, 115, 116, 117, 118, 119, 120, 123, 124, 125, 126, 127, 128, 129, 130, 131, 132, 133, 134, 135, 137, 139, 140, 142, 143, 144, 145, 146, 147, 148, 149, 150, 151, 152, 154, 156, 158, 160, 161, 162, 163, 164, 165, 166, 167, 168, 170, 171, 172, 173, 175, 176, 179, 180, 181, 182, 183, 184, 185, 188, 189, 190, 192, 193, 194, 195, 196, 197, 198, 199, 200, 201, 205, 209, 210, 211, 212, 214, 215, 216, 217, 218, 220, 221, 222, 223, 224, 225, 226, 227, 228, 229, 232, 233, 234, 235]",60,60,"[0.001, 0.001, 0.001, 0.001, 0.001, 0.001, 0.001, 0.001, 0.001, 0.001, 0.001, 0.001, 0.001, 0.001, 0.001, 0.001, 0.001, 0.001, 0.001, 0.001, 0.001, 0.001, 0.001, 0.001, 0.001, 0.001, 0.001, 0.001, 0.001, 0.001, 0.001, 0.001, 0.001, 0.001, 0.001, 0.001, 0.001, 0.001, 0.001, 0.001, 0.001, 0.001, 0.001, 0.001, 0.001, 0.001, 0.001, 0.001, 0.001, 0.001, 0.001, 0.001, 0.001, 0.001, 0.001, 0.001, 0.001, 0.001, 0.001, 0.001]",True,False
0,old_test_selected,48,0.603494623655914,0.8541666666666666,8c8ae9da2b83c4d228f53b7441972c61df2a63e29d035e1be9ea430dd5fa5400,19.426889722710413,b2c72a3d5a8631ecc6ee1a78abcfdf440d214a58a49e9384bf261e10f16d9eb1,324ff946ab1ad0aff065f301dc6acd8827abb3ddc893a93d27361d324c2aa818,"[1, 2, 3, 4, 7, 8, 9, 10, 11, 12, 13, 14, 15, 16, 17, 18, 21, 22, 24, 25, 26, 27, 28, 31, 32, 34, 35, 36, 37, 38, 39, 40, 41, 42, 43, 45, 46, 47, 48, 49, 50, 51, 52, 53, 56, 57, 58, 59, 61, 62, 63, 64, 65, 66, 68, 69, 70, 71, 76, 77, 78, 79, 80, 81, 84, 85, 87, 88, 90, 92, 93, 94, 95, 96, 97, 98, 99, 100, 101, 102, 103, 104, 105, 106, 107, 108, 109, 110, 111, 112, 113, 114, 115, 116, 117, 118, 119, 120, 123, 124, 125, 126, 127, 128, 129, 130, 131, 132, 133, 134, 135, 137, 139, 140, 142, 143, 144, 145, 146, 147, 148, 149, 150, 151, 152, 154, 156, 158, 160, 161, 162, 163, 164, 165, 166, 167, 168, 170, 171, 172, 173, 175, 176, 179, 180, 181, 182, 183, 184, 185, 188, 189, 190, 192, 193, 194, 195, 196, 197, 198, 199, 200, 201, 205, 209, 210, 211, 212, 214, 215, 216, 217, 218, 220, 221, 222, 223, 224, 225, 226, 227, 228, 229, 232, 233, 234, 235]",47,37,"[0.001, 0.001, 0.001, 0.001, 0.001, 0.001, 0.001, 0.001, 0.001, 0.001, 0.001, 0.001, 0.001, 0.001, 0.001, 0.001, 0.001, 0.001, 0.001, 0.001, 0.001, 0.001, 0.001, 0.001, 0.001, 0.001, 0.001, 0.001, 0.001, 0.001, 0.001, 0.001, 0.001, 0.001, 0.001, 0.001, 0.001]",False,False
1,old_fixed,48,0.6115591397849462,0.7083333333333334,b0669db39d818ceb0eb545f93802543a29e84672f518054cb4484e7529f70f28,19.660593801249995,26617abd3df1eb48b9622bc8beaa1b55d8f1cfd110822adf6af4cd0d04034727,2140c4cad834a015f7fce304d250c494e0fb2359c733d32d6278fecc2f335a2e,"[0, 1, 2, 3, 4, 5, 6, 7, 8, 9, 10, 11, 12, 14, 16, 17, 18, 19, 20, 22, 23, 24, 26, 27, 28, 29, 30, 31, 33, 34, 36, 39, 40, 42, 44, 45, 46, 47, 48, 49, 51, 53, 54, 55, 56, 59, 60, 61, 62, 63, 64, 65, 67, 69, 70, 71, 72, 73, 74, 75, 78, 79, 80, 82, 83, 86, 87, 88, 89, 90, 91, 92, 93, 95, 97, 98, 99, 100, 101, 102, 103, 104, 109, 110, 111, 112, 113, 115, 116, 117, 118, 119, 120, 122, 123, 124, 126, 129, 130, 131, 132, 135, 136, 137, 138, 139, 140, 141, 143, 144, 145, 146, 147, 148, 149, 150, 151, 152, 153, 154, 155, 156, 157, 158, 159, 160, 161, 162, 163, 166, 168, 169, 170, 171, 172, 173, 174, 175, 176, 177, 178, 179, 180, 182, 183, 184, 186, 187, 188, 190, 191, 192, 194, 196, 198, 199, 201, 202, 203, 204, 205, 206, 207, 209, 210, 211, 212, 213, 214, 217, 219, 220, 222, 223, 224, 225, 226, 227, 228, 229, 230, 231, 232, 233, 234, 235, 236]",60,60,"[0.001, 0.001, 0.001, 0.001, 0.001, 0.001, 0.001, 0.001, 0.001, 0.001, 0.001, 0.001, 0.001, 0.001, 0.001, 0.001, 0.001, 0.001, 0.001, 0.001, 0.001, 0.001, 0.001, 0.001, 0.001, 0.001, 0.001, 0.001, 0.001, 0.001, 0.001, 0.001, 0.001, 0.001, 0.001, 0.001, 0.001, 0.001, 0.001, 0.001, 0.001, 0.001, 0.001, 0.001, 0.001, 0.001, 0.001, 0.001, 0.001, 0.001, 0.001, 0.001, 0.001, 0.001, 0.001, 0.001, 0.001, 0.001, 0.001, 0.001]",True,False
1,new_fixed,48,0.5181451612903226,0.625,b0669db39d818ceb0eb545f93802543a29e84672f518054cb4484e7529f70f28,19.632149456352586,8b44ae5c27caf6e546442033af5f446f0ed9e7cf3edf6010e56dbc71921f6c7d,2140c4cad834a015f7fce304d250c494e0fb2359c733d32d6278fecc2f335a2e,"[0, 1, 2, 3, 4, 5, 6, 7, 8, 9, 10, 11, 12, 14, 16, 17, 18, 19, 20, 22, 23, 24, 26, 27, 28, 29, 30, 31, 33, 34, 36, 39, 40, 42, 44, 45, 46, 47, 48, 49, 51, 53, 54, 55, 56, 59, 60, 61, 62, 63, 64, 65, 67, 69, 70, 71, 72, 73, 74, 75, 78, 79, 80, 82, 83, 86, 87, 88, 89, 90, 91, 92, 93, 95, 97, 98, 99, 100, 101, 102, 103, 104, 109, 110, 111, 112, 113, 115, 116, 117, 118, 119, 120, 122, 123, 124, 126, 129, 130, 131, 132, 135, 136, 137, 138, 139, 140, 141, 143, 144, 145, 146, 147, 148, 149, 150, 151, 152, 153, 154, 155, 156, 157, 158, 159, 160, 161, 162, 163, 166, 168, 169, 170, 171, 172, 173, 174, 175, 176, 177, 178, 179, 180, 182, 183, 184, 186, 187, 188, 190, 191, 192, 194, 196, 198, 199, 201, 202, 203, 204, 205, 206, 207, 209, 210, 211, 212, 213, 214, 217, 219, 220, 222, 223, 224, 225, 226, 227, 228, 229, 230, 231, 232, 233, 234, 235, 236]",60,60,"[0.001, 0.001, 0.001, 0.001, 0.001, 0.001, 0.001, 0.001, 0.001, 0.001, 0.001, 0.001, 0.001, 0.001, 0.001, 0.001, 0.001, 0.001, 0.001, 0.001, 0.001, 0.001, 0.001, 0.001, 0.001, 0.001, 0.001, 0.001, 0.001, 0.001, 0.001, 0.001, 0.001, 0.001, 0.001, 0.001, 0.001, 0.001, 0.001, 0.001, 0.001, 0.001, 0.001, 0.001, 0.001, 0.001, 0.001, 0.001, 0.001, 0.001, 0.001, 0.001, 0.001, 0.001, 0.001, 0.001, 0.001, 0.001, 0.001, 0.001]",True,False
1,old_test_selected,48,0.6290322580645161,0.6875,b0669db39d818ceb0eb545f93802543a29e84672f518054cb4484e7529f70f28,19.660593801249995,26617abd3df1eb48b9622bc8beaa1b55d8f1cfd110822adf6af4cd0d04034727,2140c4cad834a015f7fce304d250c494e0fb2359c733d32d6278fecc2f335a2e,"[0, 1, 2, 3, 4, 5, 6, 7, 8, 9, 10, 11, 12, 14, 16, 17, 18, 19, 20, 22, 23, 24, 26, 27, 28, 29, 30, 31, 33, 34, 36, 39, 40, 42, 44, 45, 46, 47, 48, 49, 51, 53, 54, 55, 56, 59, 60, 61, 62, 63, 64, 65, 67, 69, 70, 71, 72, 73, 74, 75, 78, 79, 80, 82, 83, 86, 87, 88, 89, 90, 91, 92, 93, 95, 97, 98, 99, 100, 101, 102, 103, 104, 109, 110, 111, 112, 113, 115, 116, 117, 118, 119, 120, 122, 123, 124, 126, 129, 130, 131, 132, 135, 136, 137, 138, 139, 140, 141, 143, 144, 145, 146, 147, 148, 149, 150, 151, 152, 153, 154, 155, 156, 157, 158, 159, 160, 161, 162, 163, 166, 168, 169, 170, 171, 172, 173, 174, 175, 176, 177, 178, 179, 180, 182, 183, 184, 186, 187, 188, 190, 191, 192, 194, 196, 198, 199, 201, 202, 203, 204, 205, 206, 207, 209, 210, 211, 212, 213, 214, 217, 219, 220, 222, 223, 224, 225, 226, 227, 228, 229, 230, 231, 232, 233, 234, 235, 236]",18,8,"[0.001, 0.001, 0.001, 0.001, 0.001, 0.001, 0.001, 0.001]",False,False
2,old_fixed,46,0.5168302945301543,0.5869565217391305,42e2b96f3df462ce52486213624c4b48c2e123f3527dfd1e8f0360afef3e3349,20.52244472295436,a2b796e1fef7777a8f9427469974711087cba611fb0a3dec46fa3998faf7d854,8b38d0e0e209517e17d88ea61cdecea1bc5d6ad5b8d5a79c96dffdbc176bcce7,"[0, 1, 2, 3, 4, 5, 6, 7, 8, 10, 11, 12, 13, 14, 15, 17, 18, 19, 20, 21, 22, 23, 24, 25, 26, 28, 29, 30, 31, 32, 33, 34, 35, 37, 38, 39, 40, 41, 42, 43, 44, 45, 46, 47, 48, 50, 51, 52, 54, 55, 56, 57, 58, 59, 60, 63, 65, 66, 67, 68, 69, 70, 71, 72, 73, 74, 75, 76, 77, 79, 80, 81, 82, 83, 84, 85, 86, 87, 89, 90, 91, 94, 96, 98, 99, 100, 101, 103, 104, 105, 106, 107, 108, 109, 110, 111, 112, 113, 114, 120, 122, 125, 127, 128, 129, 130, 132, 133, 134, 136, 137, 138, 139, 141, 142, 143, 144, 145, 147, 148, 149, 150, 151, 152, 153, 155, 156, 157, 158, 159, 160, 164, 165, 167, 168, 169, 170, 171, 172, 173, 174, 176, 177, 178, 179, 181, 182, 183, 184, 185, 186, 187, 188, 189, 190, 191, 192, 193, 194, 195, 197, 198, 200, 202, 203, 204, 206, 207, 210, 211, 213, 215, 216, 217, 218, 219, 221, 223, 224, 225, 227, 228, 230, 231, 232, 233, 234, 235, 236]",60,60,"[0.001, 0.001, 0.001, 0.001, 0.001, 0.001, 0.001, 0.001, 0.001, 0.001, 0.001, 0.001, 0.001, 0.001, 0.001, 0.001, 0.001, 0.001, 0.001, 0.001, 0.001, 0.001, 0.001, 0.001, 0.001, 0.001, 0.001, 0.001, 0.001, 0.001, 0.001, 0.001, 0.001, 0.001, 0.001, 0.001, 0.001, 0.001, 0.001, 0.001, 0.001, 0.001, 0.001, 0.001, 0.001, 0.001, 0.001, 0.001, 0.001, 0.001, 0.001, 0.001, 0.001, 0.001, 0.001, 0.001, 0.001, 0.001, 0.001, 0.001]",True,False
2,new_fixed,46,0.48176718092566617,0.5869565217391305,42e2b96f3df462ce52486213624c4b48c2e123f3527dfd1e8f0360afef3e3349,20.530475412393763,eeffead246f6a5e111b6d710719e949542b52797c31c939ae1f17713df50d360,8b38d0e0e209517e17d88ea61cdecea1bc5d6ad5b8d5a79c96dffdbc176bcce7,"[0, 1, 2, 3, 4, 5, 6, 7, 8, 10, 11, 12, 13, 14, 15, 17, 18, 19, 20, 21, 22, 23, 24, 25, 26, 28, 29, 30, 31, 32, 33, 34, 35, 37, 38, 39, 40, 41, 42, 43, 44, 45, 46, 47, 48, 50, 51, 52, 54, 55, 56, 57, 58, 59, 60, 63, 65, 66, 67, 68, 69, 70, 71, 72, 73, 74, 75, 76, 77, 79, 80, 81, 82, 83, 84, 85, 86, 87, 89, 90, 91, 94, 96, 98, 99, 100, 101, 103, 104, 105, 106, 107, 108, 109, 110, 111, 112, 113, 114, 120, 122, 125, 127, 128, 129, 130, 132, 133, 134, 136, 137, 138, 139, 141, 142, 143, 144, 145, 147, 148, 149, 150, 151, 152, 153, 155, 156, 157, 158, 159, 160, 164, 165, 167, 168, 169, 170, 171, 172, 173, 174, 176, 177, 178, 179, 181, 182, 183, 184, 185, 186, 187, 188, 189, 190, 191, 192, 193, 194, 195, 197, 198, 200, 202, 203, 204, 206, 207, 210, 211, 213, 215, 216, 217, 218, 219, 221, 223, 224, 225, 227, 228, 230, 231, 232, 233, 234, 235, 236]",60,60,"[0.001, 0.001, 0.001, 0.001, 0.001, 0.001, 0.001, 0.001, 0.001, 0.001, 0.001, 0.001, 0.001, 0.001, 0.001, 0.001, 0.001, 0.001, 0.001, 0.001, 0.001, 0.001, 0.001, 0.001, 0.001, 0.001, 0.001, 0.001, 0.001, 0.001, 0.001, 0.001, 0.001, 0.001, 0.001, 0.001, 0.001, 0.001, 0.001, 0.001, 0.001, 0.001, 0.001, 0.001, 0.001, 0.001, 0.001, 0.001, 0.001, 0.001, 0.001, 0.001, 0.001, 0.001, 0.001, 0.001, 0.001, 0.001, 0.001, 0.001]",True,False
2,old_test_selected,46,0.5105189340813464,0.6086956521739131,42e2b96f3df462ce52486213624c4b48c2e123f3527dfd1e8f0360afef3e3349,20.52244472295436,a2b796e1fef7777a8f9427469974711087cba611fb0a3dec46fa3998faf7d854,8b38d0e0e209517e17d88ea61cdecea1bc5d6ad5b8d5a79c96dffdbc176bcce7,"[0, 1, 2, 3, 4, 5, 6, 7, 8, 10, 11, 12, 13, 14, 15, 17, 18, 19, 20, 21, 22, 23, 24, 25, 26, 28, 29, 30, 31, 32, 33, 34, 35, 37, 38, 39, 40, 41, 42, 43, 44, 45, 46, 47, 48, 50, 51, 52, 54, 55, 56, 57, 58, 59, 60, 63, 65, 66, 67, 68, 69, 70, 71, 72, 73, 74, 75, 76, 77, 79, 80, 81, 82, 83, 84, 85, 86, 87, 89, 90, 91, 94, 96, 98, 99, 100, 101, 103, 104, 105, 106, 107, 108, 109, 110, 111, 112, 113, 114, 120, 122, 125, 127, 128, 129, 130, 132, 133, 134, 136, 137, 138, 139, 141, 142, 143, 144, 145, 147, 148, 149, 150, 151, 152, 153, 155, 156, 157, 158, 159, 160, 164, 165, 167, 168, 169, 170, 171, 172, 173, 174, 176, 177, 178, 179, 181, 182, 183, 184, 185, 186, 187, 188, 189, 190, 191, 192, 193, 194, 195, 197, 198, 200, 202, 203, 204, 206, 207, 210, 211, 213, 215, 216, 217, 218, 219, 221, 223, 224, 225, 227, 228, 230, 231, 232, 233, 234, 235, 236]",29,19,"[0.001, 0.001, 0.001, 0.001, 0.001, 0.001, 0.001, 0.001, 0.001, 0.001, 0.001, 0.001, 0.001, 0.001, 0.001, 0.001, 0.0001, 0.0001, 0.0001]",False,False
3,old_fixed,46,0.5385694249649369,0.6956521739130435,c46c691800b802f07eea018ad5aac29030e158819c18cddcffa14c8831984b9e,19.9560218398748,a45c75d4fa1e6ff249842e0eb8c6fab603aad32e21f067ec779af6215a27d552,fd1ee74a5dae991291e6b67fb95187cd3e878088d39a525cc17ba00d4dcfd321,"[0, 2, 5, 6, 7, 8, 9, 10, 12, 13, 15, 16, 17, 18, 19, 20, 21, 22, 23, 25, 26, 27, 29, 30, 31, 32, 33, 35, 36, 37, 38, 39, 41, 43, 44, 45, 47, 48, 49, 50, 52, 53, 54, 55, 56, 57, 58, 60, 61, 62, 63, 64, 65, 66, 67, 68, 69, 71, 72, 73, 74, 75, 76, 77, 78, 81, 82, 83, 84, 85, 86, 88, 89, 91, 92, 93, 94, 95, 96, 97, 98, 99, 101, 102, 104, 105, 106, 107, 108, 109, 110, 111, 113, 114, 115, 116, 117, 118, 119, 122, 123, 124, 125, 126, 127, 128, 129, 131, 132, 133, 134, 135, 136, 137, 138, 139, 140, 141, 142, 144, 145, 146, 148, 151, 153, 154, 155, 157, 159, 161, 162, 163, 164, 165, 166, 167, 169, 170, 174, 175, 177, 178, 179, 180, 181, 182, 183, 185, 186, 187, 189, 190, 191, 193, 194, 195, 196, 197, 198, 199, 200, 201, 202, 203, 204, 205, 206, 207, 209, 210, 212, 213, 214, 215, 216, 217, 218, 219, 220, 221, 222, 224, 226, 228, 229, 230, 231, 232, 236]",60,60,"[0.001, 0.001, 0.001, 0.001, 0.001, 0.001, 0.001, 0.001, 0.001, 0.001, 0.001, 0.001, 0.001, 0.001, 0.001, 0.001, 0.001, 0.001, 0.001, 0.001, 0.001, 0.001, 0.001, 0.001, 0.001, 0.001, 0.001, 0.001, 0.001, 0.001, 0.001, 0.001, 0.001, 0.001, 0.001, 0.001, 0.001, 0.001, 0.001, 0.001, 0.001, 0.001, 0.001, 0.001, 0.001, 0.001, 0.001, 0.001, 0.001, 0.001, 0.001, 0.001, 0.001, 0.001, 0.001, 0.001, 0.001, 0.001, 0.001, 0.001]",True,False
3,new_fixed,46,0.5483870967741935,0.6739130434782609,c46c691800b802f07eea018ad5aac29030e158819c18cddcffa14c8831984b9e,20.034041046575688,d4db118f1fd95b9c533403fa997498636e753f6bbee25d3501420016ebd26649,fd1ee74a5dae991291e6b67fb95187cd3e878088d39a525cc17ba00d4dcfd321,"[0, 2, 5, 6, 7, 8, 9, 10, 12, 13, 15, 16, 17, 18, 19, 20, 21, 22, 23, 25, 26, 27, 29, 30, 31, 32, 33, 35, 36, 37, 38, 39, 41, 43, 44, 45, 47, 48, 49, 50, 52, 53, 54, 55, 56, 57, 58, 60, 61, 62, 63, 64, 65, 66, 67, 68, 69, 71, 72, 73, 74, 75, 76, 77, 78, 81, 82, 83, 84, 85, 86, 88, 89, 91, 92, 93, 94, 95, 96, 97, 98, 99, 101, 102, 104, 105, 106, 107, 108, 109, 110, 111, 113, 114, 115, 116, 117, 118, 119, 122, 123, 124, 125, 126, 127, 128, 129, 131, 132, 133, 134, 135, 136, 137, 138, 139, 140, 141, 142, 144, 145, 146, 148, 151, 153, 154, 155, 157, 159, 161, 162, 163, 164, 165, 166, 167, 169, 170, 174, 175, 177, 178, 179, 180, 181, 182, 183, 185, 186, 187, 189, 190, 191, 193, 194, 195, 196, 197, 198, 199, 200, 201, 202, 203, 204, 205, 206, 207, 209, 210, 212, 213, 214, 215, 216, 217, 218, 219, 220, 221, 222, 224, 226, 228, 229, 230, 231, 232, 236]",60,60,"[0.001, 0.001, 0.001, 0.001, 0.001, 0.001, 0.001, 0.001, 0.001, 0.001, 0.001, 0.001, 0.001, 0.001, 0.001, 0.001, 0.001, 0.001, 0.001, 0.001, 0.001, 0.001, 0.001, 0.001, 0.001, 0.001, 0.001, 0.001, 0.001, 0.001, 0.001, 0.001, 0.001, 0.001, 0.001, 0.001, 0.001, 0.001, 0.001, 0.001, 0.001, 0.001, 0.001, 0.001, 0.001, 0.001, 0.001, 0.001, 0.001, 0.001, 0.001, 0.001, 0.001, 0.001, 0.001, 0.001, 0.001, 0.001, 0.001, 0.001]",True,False
3,old_test_selected,46,0.5091164095371669,0.717391304347826,c46c691800b802f07eea018ad5aac29030e158819c18cddcffa14c8831984b9e,19.9560218398748,a45c75d4fa1e6ff249842e0eb8c6fab603aad32e21f067ec779af6215a27d552,fd1ee74a5dae991291e6b67fb95187cd3e878088d39a525cc17ba00d4dcfd321,"[0, 2, 5, 6, 7, 8, 9, 10, 12, 13, 15, 16, 17, 18, 19, 20, 21, 22, 23, 25, 26, 27, 29, 30, 31, 32, 33, 35, 36, 37, 38, 39, 41, 43, 44, 45, 47, 48, 49, 50, 52, 53, 54, 55, 56, 57, 58, 60, 61, 62, 63, 64, 65, 66, 67, 68, 69, 71, 72, 73, 74, 75, 76, 77, 78, 81, 82, 83, 84, 85, 86, 88, 89, 91, 92, 93, 94, 95, 96, 97, 98, 99, 101, 102, 104, 105, 106, 107, 108, 109, 110, 111, 113, 114, 115, 116, 117, 118, 119, 122, 123, 124, 125, 126, 127, 128, 129, 131, 132, 133, 134, 135, 136, 137, 138, 139, 140, 141, 142, 144, 145, 146, 148, 151, 153, 154, 155, 157, 159, 161, 162, 163, 164, 165, 166, 167, 169, 170, 174, 175, 177, 178, 179, 180, 181, 182, 183, 185, 186, 187, 189, 190, 191, 193, 194, 195, 196, 197, 198, 199, 200, 201, 202, 203, 204, 205, 206, 207, 209, 210, 212, 213, 214, 215, 216, 217, 218, 219, 220, 221, 222, 224, 226, 228, 229, 230, 231, 232, 236]",43,33,"[0.001, 0.001, 0.001, 0.001, 0.001, 0.001, 0.001, 0.001, 0.001, 0.001, 0.001, 0.001, 0.001, 0.001, 0.001, 0.0001, 0.0001, 0.0001, 0.0001, 0.0001, 0.0001, 0.0001, 0.0001, 0.0001, 0.0001, 0.0001, 1e-05, 1e-05, 1e-05, 1e-05, 1e-05, 1e-05, 1e-05]",False,False
4,old_fixed,47,0.4742621825669183,0.574468085106383,0418a6df925eca672f6d65613aa874df6f5263f8e5bdcf0069994d127fc3096a,18.873134866373206,44c33a5c4bd927d6237cb127e7abcefab4ce28f588a773637a7dde574b5d0a29,aeba7f44d6ce1edbdbade6c825751104d3686d48b4da50b955214174d9fda5d4,"[0, 1, 3, 4, 5, 6, 9, 11, 13, 14, 15, 16, 19, 20, 21, 23, 24, 25, 27, 28, 29, 30, 32, 33, 34, 35, 36, 37, 38, 40, 41, 42, 43, 44, 46, 49, 50, 51, 52, 53, 54, 55, 57, 58, 59, 60, 61, 62, 64, 66, 67, 68, 70, 72, 73, 74, 75, 76, 77, 78, 79, 80, 81, 82, 83, 84, 85, 86, 87, 88, 89, 90, 91, 92, 93, 94, 95, 96, 97, 100, 102, 103, 105, 106, 107, 108, 112, 114, 115, 116, 117, 118, 119, 120, 122, 123, 124, 125, 126, 127, 128, 130, 131, 133, 134, 135, 136, 138, 140, 141, 142, 143, 146, 147, 149, 150, 152, 153, 154, 155, 156, 157, 158, 159, 160, 161, 162, 163, 164, 165, 166, 167, 168, 169, 171, 172, 173, 174, 175, 176, 177, 178, 180, 181, 184, 185, 186, 187, 188, 189, 191, 192, 193, 195, 196, 197, 199, 200, 201, 202, 203, 204, 205, 206, 207, 209, 211, 212, 213, 214, 215, 216, 218, 219, 220, 221, 222, 223, 225, 226, 227, 229, 230, 231, 233, 234, 235, 236]",60,60,"[0.001, 0.001, 0.001, 0.001, 0.001, 0.001, 0.001, 0.001, 0.001, 0.001, 0.001, 0.001, 0.001, 0.001, 0.001, 0.001, 0.001, 0.001, 0.001, 0.001, 0.001, 0.001, 0.001, 0.001, 0.001, 0.001, 0.001, 0.001, 0.001, 0.001, 0.001, 0.001, 0.001, 0.001, 0.001, 0.001, 0.001, 0.001, 0.001, 0.001, 0.001, 0.001, 0.001, 0.001, 0.001, 0.001, 0.001, 0.001, 0.001, 0.001, 0.001, 0.001, 0.001, 0.001, 0.001, 0.001, 0.001, 0.001, 0.001, 0.001]",True,False
4,new_fixed,47,0.47151681537405626,0.5531914893617021,0418a6df925eca672f6d65613aa874df6f5263f8e5bdcf0069994d127fc3096a,18.894091443879415,3542286784f77a86cbf29e64b0c896cb670dd20805a07e8a9f01175c240bd2a1,aeba7f44d6ce1edbdbade6c825751104d3686d48b4da50b955214174d9fda5d4,"[0, 1, 3, 4, 5, 6, 9, 11, 13, 14, 15, 16, 19, 20, 21, 23, 24, 25, 27, 28, 29, 30, 32, 33, 34, 35, 36, 37, 38, 40, 41, 42, 43, 44, 46, 49, 50, 51, 52, 53, 54, 55, 57, 58, 59, 60, 61, 62, 64, 66, 67, 68, 70, 72, 73, 74, 75, 76, 77, 78, 79, 80, 81, 82, 83, 84, 85, 86, 87, 88, 89, 90, 91, 92, 93, 94, 95, 96, 97, 100, 102, 103, 105, 106, 107, 108, 112, 114, 115, 116, 117, 118, 119, 120, 122, 123, 124, 125, 126, 127, 128, 130, 131, 133, 134, 135, 136, 138, 140, 141, 142, 143, 146, 147, 149, 150, 152, 153, 154, 155, 156, 157, 158, 159, 160, 161, 162, 163, 164, 165, 166, 167, 168, 169, 171, 172, 173, 174, 175, 176, 177, 178, 180, 181, 184, 185, 186, 187, 188, 189, 191, 192, 193, 195, 196, 197, 199, 200, 201, 202, 203, 204, 205, 206, 207, 209, 211, 212, 213, 214, 215, 216, 218, 219, 220, 221, 222, 223, 225, 226, 227, 229, 230, 231, 233, 234, 235, 236]",60,60,"[0.001, 0.001, 0.001, 0.001, 0.001, 0.001, 0.001, 0.001, 0.001, 0.001, 0.001, 0.001, 0.001, 0.001, 0.001, 0.001, 0.001, 0.001, 0.001, 0.001, 0.001, 0.001, 0.001, 0.001, 0.001, 0.001, 0.001, 0.001, 0.001, 0.001, 0.001, 0.001, 0.001, 0.001, 0.001, 0.001, 0.001, 0.001, 0.001, 0.001, 0.001, 0.001, 0.001, 0.001, 0.001, 0.001, 0.001, 0.001, 0.001, 0.001, 0.001, 0.001, 0.001, 0.001, 0.001, 0.001, 0.001, 0.001, 0.001, 0.001]",True,False
4,old_test_selected,47,0.5175017158544956,0.6382978723404256,0418a6df925eca672f6d65613aa874df6f5263f8e5bdcf0069994d127fc3096a,18.873134866373206,44c33a5c4bd927d6237cb127e7abcefab4ce28f588a773637a7dde574b5d0a29,aeba7f44d6ce1edbdbade6c825751104d3686d48b4da50b955214174d9fda5d4,"[0, 1, 3, 4, 5, 6, 9, 11, 13, 14, 15, 16, 19, 20, 21, 23, 24, 25, 27, 28, 29, 30, 32, 33, 34, 35, 36, 37, 38, 40, 41, 42, 43, 44, 46, 49, 50, 51, 52, 53, 54, 55, 57, 58, 59, 60, 61, 62, 64, 66, 67, 68, 70, 72, 73, 74, 75, 76, 77, 78, 79, 80, 81, 82, 83, 84, 85, 86, 87, 88, 89, 90, 91, 92, 93, 94, 95, 96, 97, 100, 102, 103, 105, 106, 107, 108, 112, 114, 115, 116, 117, 118, 119, 120, 122, 123, 124, 125, 126, 127, 128, 130, 131, 133, 134, 135, 136, 138, 140, 141, 142, 143, 146, 147, 149, 150, 152, 153, 154, 155, 156, 157, 158, 159, 160, 161, 162, 163, 164, 165, 166, 167, 168, 169, 171, 172, 173, 174, 175, 176, 177, 178, 180, 181, 184, 185, 186, 187, 188, 189, 191, 192, 193, 195, 196, 197, 199, 200, 201, 202, 203, 204, 205, 206, 207, 209, 211, 212, 213, 214, 215, 216, 218, 219, 220, 221, 222, 223, 225, 226, 227, 229, 230, 231, 233, 234, 235, 236]",17,7,"[0.001, 0.001, 0.001, 0.001, 0.001, 0.001, 0.001]",False,False
