configuration,run_id,dataset,split,seed,selection,objective,sampling,model,preprocessing,augmentation,loss,trial_accuracy,window_accuracy,subject_mean_accuracy,macro_f1,kappa,retained_test,requested_test,retained_train,requested_train,parameters,seconds,peak_cuda_bytes
raspy_mil,bci2a-0318cec9b9c0329be512,bci2a,A08-time-50,42,strict,mil,dense,"{""d"": 2, ""dropout"": 0.5, ""extra"": 0, ""f1"": 8, ""f2"": 16, ""family"": ""raspy"", ""kernel"": 51}",full,"{""budget"": ""matched"", ""copies"": 4, ""strength"": 1.0}",mse,0.7465277777777778,0.5467069892473119,0.7465277777777778,0.7342115242737031,0.662037037037037,288,288,288,288,1444,1341.7554473914206,125341184
standard_mil,bci2a-03c2e3d4f6026ca624b3,bci2a,A06-time-50,42,strict,mil,dense,"{""d"": 2, ""dropout"": 0.5, ""extra"": 0, ""f1"": 8, ""f2"": 16, ""family"": ""standard"", ""kernel"": 51}",full,"{""budget"": ""matched"", ""copies"": 4, ""strength"": 1.0}",mse,0.3993055555555556,0.3421818996415771,0.3993055555555556,0.348813236374224,0.19907407407407407,288,288,288,288,1548,365.7601577695459,125276672
standard_mil,bci2a-04531b6bed1ad3dfcb3a,bci2a,A08-time-50,42,strict,mil,dense,"{""d"": 2, ""dropout"": 0.5, ""extra"": 0, ""f1"": 8, ""f2"": 16, ""family"": ""standard"", ""kernel"": 51}",full,"{""budget"": ""matched"", ""copies"": 4, ""strength"": 1.0}",mse,0.7743055555555556,0.5852374551971327,0.7743055555555556,0.7697483452620439,0.6990740740740741,288,288,288,288,1548,1451.3440632540733,125350912
standard_mil,bci2a-048ac717390c23e24403,bci2a,A05-time-50,42,strict,mil,dense,"{""d"": 2, ""dropout"": 0.5, ""extra"": 0, ""f1"": 8, ""f2"": 16, ""family"": ""standard"", ""kernel"": 51}",full,"{""budget"": ""matched"", ""copies"": 4, ""strength"": 1.0}",mse,0.3715277777777778,0.3226926523297491,0.3715277777777778,0.3441592579110359,0.1620370370370371,288,288,288,288,1548,1164.9942252449691,125350912
standard_mil,bci2a-0b726a4951ced25d94da,bci2a,A04-time-50,42,strict,mil,dense,"{""d"": 2, ""dropout"": 0.5, ""extra"": 0, ""f1"": 8, ""f2"": 16, ""family"": ""standard"", ""kernel"": 51}",full,"{""budget"": ""matched"", ""copies"": 4, ""strength"": 1.0}",mse,0.53125,0.40546594982078854,0.53125,0.5224777917927373,0.375,288,288,288,288,1548,1439.763149453327,125350912
standard_whole,bci2a-0e9144a7e633ef210095,bci2a,A01-time-50,42,strict,whole,whole,"{""d"": 2, ""dropout"": 0.5, ""extra"": 0, ""f1"": 8, ""f2"": 16, ""family"": ""standard"", ""kernel"": 51}",full,"{""budget"": ""matched"", ""copies"": 4, ""strength"": 1.0}",mse,0.7777777777777778,0.7777777777777778,0.7777777777777778,0.7735184628023618,0.7037037037037037,288,288,288,288,2124,1087.444705836475,77055488
standard_whole,bci2a-128cb60d62e2110e654f,bci2a,A06-time-50,42,strict,whole,whole,"{""d"": 2, ""dropout"": 0.5, ""extra"": 0, ""f1"": 8, ""f2"": 16, ""family"": ""standard"", ""kernel"": 51}",full,"{""budget"": ""matched"", ""copies"": 4, ""strength"": 1.0}",mse,0.5902777777777778,0.5902777777777778,0.5902777777777778,0.5866145982433721,0.4537037037037037,288,288,288,288,2124,572.5644825026393,77004800
raspy_mil,bci2a-1514fd919492125e9e9f,bci2a,A01-time-50,42,strict,mil,dense,"{""d"": 2, ""dropout"": 0.5, ""extra"": 0, ""f1"": 8, ""f2"": 16, ""family"": ""raspy"", ""kernel"": 51}",full,"{""budget"": ""matched"", ""copies"": 4, ""strength"": 1.0}",mse,0.8055555555555556,0.5771729390681004,0.8055555555555556,0.8017574959066985,0.7407407407407407,288,288,288,288,1444,1649.0386819485575,125371904
raspy_window,bci2a-168533f1def1d27a62ce,bci2a,A07-time-50,42,strict,window,dense,"{""d"": 2, ""dropout"": 0.5, ""extra"": 0, ""f1"": 8, ""f2"": 16, ""family"": ""raspy"", ""kernel"": 51}",full,"{""budget"": ""matched"", ""copies"": 4, ""strength"": 1.0}",mse,0.6006944444444444,0.5318100358422939,0.6006944444444444,0.5891451310558151,0.46759259259259256,288,288,288,288,1444,2251.3333353418857,125439488
standard_whole,bci2a-172e841470b5e9f49470,bci2a,A02-time-50,42,strict,whole,whole,"{""d"": 2, ""dropout"": 0.5, ""extra"": 0, ""f1"": 8, ""f2"": 16, ""family"": ""standard"", ""kernel"": 51}",full,"{""budget"": ""matched"", ""copies"": 4, ""strength"": 1.0}",mse,0.6493055555555556,0.6493055555555556,0.6493055555555556,0.6413026903487374,0.5324074074074074,288,288,288,288,2124,983.7158031202853,77038592
standard_mil,bci2a-17ec2ce2e3adc677257a,bci2a,A09-time-50,42,strict,mil,dense,"{""d"": 2, ""dropout"": 0.5, ""extra"": 0, ""f1"": 8, ""f2"": 16, ""family"": ""standard"", ""kernel"": 51}",full,"{""budget"": ""matched"", ""copies"": 4, ""strength"": 1.0}",mse,0.7881944444444444,0.6374327956989247,0.7881944444444444,0.7816512600196522,0.7175925925925926,288,288,288,288,1548,566.8034498989582,125321216
raspy_window,bci2a-1a61ffff05102abaebbb,bci2a,A01-time-50,42,strict,window,dense,"{""d"": 2, ""dropout"": 0.5, ""extra"": 0, ""f1"": 8, ""f2"": 16, ""family"": ""raspy"", ""kernel"": 51}",full,"{""budget"": ""matched"", ""copies"": 4, ""strength"": 1.0}",mse,0.7604166666666666,0.6298163082437276,0.7604166666666666,0.7462656955300195,0.6805555555555556,288,288,288,288,1444,1358.9996051955968,125356544
standard_mil,bci2a-20021acd7d78071f5031,bci2a,A01-time-50,42,strict,mil,dense,"{""d"": 2, ""dropout"": 0.5, ""extra"": 0, ""f1"": 8, ""f2"": 16, ""family"": ""standard"", ""kernel"": 51}",full,"{""budget"": ""matched"", ""copies"": 4, ""strength"": 1.0}",mse,0.8194444444444444,0.6074148745519713,0.8194444444444444,0.8186975655993654,0.7592592592592593,288,288,288,288,1548,1500.346203794703,125365760
standard_window,bci2a-20798193f27a6fee936d,bci2a,A01-time-50,42,strict,window,dense,"{""d"": 2, ""dropout"": 0.5, ""extra"": 0, ""f1"": 8, ""f2"": 16, ""family"": ""standard"", ""kernel"": 51}",full,"{""budget"": ""matched"", ""copies"": 4, ""strength"": 1.0}",mse,0.8472222222222222,0.668010752688172,0.8472222222222222,0.8453086139678698,0.7962962962962963,288,288,288,288,1548,1696.4121191632003,125380608
raspy_mil,bci2a-2388a65ca7426a396113,bci2a,A07-time-50,42,strict,mil,dense,"{""d"": 2, ""dropout"": 0.5, ""extra"": 0, ""f1"": 8, ""f2"": 16, ""family"": ""raspy"", ""kernel"": 51}",full,"{""budget"": ""matched"", ""copies"": 4, ""strength"": 1.0}",mse,0.75,0.506608422939068,0.75,0.7454803683045976,0.6666666666666667,288,288,288,288,1444,1334.801039705053,125356544
raspy_window,bci2a-24502965737b27aa4682,bci2a,A02-time-50,42,strict,window,dense,"{""d"": 2, ""dropout"": 0.5, ""extra"": 0, ""f1"": 8, ""f2"": 16, ""family"": ""raspy"", ""kernel"": 51}",full,"{""budget"": ""matched"", ""copies"": 4, ""strength"": 1.0}",mse,0.4722222222222222,0.3960573476702509,0.4722222222222222,0.42990010848534854,0.2962962962962963,288,288,288,288,1444,1098.2964367400855,125341184
standard_whole,bci2a-24723219d6b74b2f5be4,bci2a,A04-time-50,42,strict,whole,whole,"{""d"": 2, ""dropout"": 0.5, ""extra"": 0, ""f1"": 8, ""f2"": 16, ""family"": ""standard"", ""kernel"": 51}",full,"{""budget"": ""matched"", ""copies"": 4, ""strength"": 1.0}",mse,0.5763888888888888,0.5763888888888888,0.5763888888888888,0.570312758989642,0.43518518518518523,288,288,288,288,2124,639.9324348252267,77004800
raspy_whole,bci2a-29ef32c524fab6707205,bci2a,A09-time-50,42,strict,whole,whole,"{""d"": 2, ""dropout"": 0.5, ""extra"": 0, ""f1"": 8, ""f2"": 16, ""family"": ""raspy"", ""kernel"": 51}",full,"{""budget"": ""matched"", ""copies"": 4, ""strength"": 1.0}",mse,0.7673611111111112,0.7673611111111112,0.7673611111111112,0.768518543030871,0.6898148148148149,288,288,288,288,1828,661.5114695038646,77003776
standard_window,bci2a-2aefbbd90fe2fb43e256,bci2a,A06-time-50,42,strict,window,dense,"{""d"": 2, ""dropout"": 0.5, ""extra"": 0, ""f1"": 8, ""f2"": 16, ""family"": ""standard"", ""kernel"": 51}",full,"{""budget"": ""matched"", ""copies"": 4, ""strength"": 1.0}",mse,0.4201388888888889,0.3765681003584229,0.4201388888888889,0.4009217999660859,0.22685185185185186,288,288,288,288,1548,1094.975790919736,125350912
raspy_whole,bci2a-407aa49cbc7f36edfd1a,bci2a,A01-time-50,42,strict,whole,whole,"{""d"": 2, ""dropout"": 0.5, ""extra"": 0, ""f1"": 8, ""f2"": 16, ""family"": ""raspy"", ""kernel"": 51}",full,"{""budget"": ""matched"", ""copies"": 4, ""strength"": 1.0}",mse,0.7048611111111112,0.7048611111111112,0.7048611111111112,0.7009897310948203,0.6064814814814814,288,288,288,288,1828,759.5925962720066,77003776
standard_window,bci2a-4210efb36e9fc5064eca,bci2a,A08-time-50,42,strict,window,dense,"{""d"": 2, ""dropout"": 0.5, ""extra"": 0, ""f1"": 8, ""f2"": 16, ""family"": ""standard"", ""kernel"": 51}",full,"{""budget"": ""matched"", ""copies"": 4, ""strength"": 1.0}",mse,0.7430555555555556,0.608086917562724,0.7430555555555556,0.7243234948879697,0.6574074074074074,288,288,288,288,1548,1979.1047500167042,125365760
raspy_whole,bci2a-43bbc20cee1248674abc,bci2a,A06-time-50,42,strict,whole,whole,"{""d"": 2, ""dropout"": 0.5, ""extra"": 0, ""f1"": 8, ""f2"": 16, ""family"": ""raspy"", ""kernel"": 51}",full,"{""budget"": ""matched"", ""copies"": 4, ""strength"": 1.0}",mse,0.5868055555555556,0.5868055555555556,0.5868055555555556,0.5828205500461598,0.44907407407407407,288,288,288,288,1828,441.1655407845974,76986880
standard_whole,bci2a-4594ae8fedcb38d8a2fb,bci2a,A07-time-50,42,strict,whole,whole,"{""d"": 2, ""dropout"": 0.5, ""extra"": 0, ""f1"": 8, ""f2"": 16, ""family"": ""standard"", ""kernel"": 51}",full,"{""budget"": ""matched"", ""copies"": 4, ""strength"": 1.0}",mse,0.7152777777777778,0.7152777777777778,0.7152777777777778,0.713679260263184,0.6203703703703703,288,288,288,288,2124,583.9672225769609,77063168
raspy_window,bci2a-525ba42d394c26eb57a8,bci2a,A09-time-50,42,strict,window,dense,"{""d"": 2, ""dropout"": 0.5, ""extra"": 0, ""f1"": 8, ""f2"": 16, ""family"": ""raspy"", ""kernel"": 51}",full,"{""budget"": ""matched"", ""copies"": 4, ""strength"": 1.0}",mse,0.7951388888888888,0.639336917562724,0.7951388888888888,0.7861583745341707,0.7268518518518519,288,288,288,288,1444,1246.5103986002505,125408768
standard_window,bci2a-54844ee0c320899811dc,bci2a,A03-time-50,42,strict,window,dense,"{""d"": 2, ""dropout"": 0.5, ""extra"": 0, ""f1"": 8, ""f2"": 16, ""family"": ""standard"", ""kernel"": 51}",full,"{""budget"": ""matched"", ""copies"": 4, ""strength"": 1.0}",mse,0.8298611111111112,0.7092293906810035,0.8298611111111112,0.8251589630716556,0.7731481481481481,288,288,288,288,1548,1676.9210534822196,125365760
raspy_window,bci2a-5959c928a7429a75db20,bci2a,A04-time-50,42,strict,window,dense,"{""d"": 2, ""dropout"": 0.5, ""extra"": 0, ""f1"": 8, ""f2"": 16, ""family"": ""raspy"", ""kernel"": 51}",full,"{""budget"": ""matched"", ""copies"": 4, ""strength"": 1.0}",mse,0.4479166666666667,0.3912410394265233,0.4479166666666667,0.37607496954404607,0.26388888888888884,288,288,288,288,1444,1298.344378741458,125408768
standard_whole,bci2a-5f3e036eaa06d9270751,bci2a,A09-time-50,42,strict,whole,whole,"{""d"": 2, ""dropout"": 0.5, ""extra"": 0, ""f1"": 8, ""f2"": 16, ""family"": ""standard"", ""kernel"": 51}",full,"{""budget"": ""matched"", ""copies"": 4, ""strength"": 1.0}",mse,0.7534722222222222,0.7534722222222222,0.7534722222222222,0.7521429885750059,0.6712962962962963,288,288,288,288,2124,1029.837605856359,77055488
standard_window,bci2a-5fc61c8d239c4a0170f3,bci2a,A09-time-50,42,strict,window,dense,"{""d"": 2, ""dropout"": 0.5, ""extra"": 0, ""f1"": 8, ""f2"": 16, ""family"": ""standard"", ""kernel"": 51}",full,"{""budget"": ""matched"", ""copies"": 4, ""strength"": 1.0}",mse,0.7708333333333334,0.62959229390681,0.7708333333333334,0.7698559898346866,0.6944444444444444,288,288,288,288,1548,1779.2126234266907,125380608
raspy_whole,bci2a-6a4948f73578e0df59f9,bci2a,A08-time-50,42,strict,whole,whole,"{""d"": 2, ""dropout"": 0.5, ""extra"": 0, ""f1"": 8, ""f2"": 16, ""family"": ""raspy"", ""kernel"": 51}",full,"{""budget"": ""matched"", ""copies"": 4, ""strength"": 1.0}",mse,0.7847222222222222,0.7847222222222222,0.7847222222222222,0.7836897440696445,0.712962962962963,288,288,288,288,1828,669.6515590213239,76986880
raspy_mil,bci2a-6b737d2b5d397dc367a2,bci2a,A06-time-50,42,strict,mil,dense,"{""d"": 2, ""dropout"": 0.5, ""extra"": 0, ""f1"": 8, ""f2"": 16, ""family"": ""raspy"", ""kernel"": 51}",full,"{""budget"": ""matched"", ""copies"": 4, ""strength"": 1.0}",mse,0.4131944444444444,0.3492383512544803,0.4131944444444444,0.3948538605239545,0.21759259259259256,288,288,288,288,1444,806.6346140056849,125341184
raspy_whole,bci2a-713f7fc2c4599e12af43,bci2a,A05-time-50,42,strict,whole,whole,"{""d"": 2, ""dropout"": 0.5, ""extra"": 0, ""f1"": 8, ""f2"": 16, ""family"": ""raspy"", ""kernel"": 51}",full,"{""budget"": ""matched"", ""copies"": 4, ""strength"": 1.0}",mse,0.5833333333333334,0.5833333333333334,0.5833333333333334,0.5796485247580044,0.4444444444444444,288,288,288,288,1828,569.1012476775795,77003776
raspy_whole,bci2a-88811769dcfd31239e9d,bci2a,A03-time-50,42,strict,whole,whole,"{""d"": 2, ""dropout"": 0.5, ""extra"": 0, ""f1"": 8, ""f2"": 16, ""family"": ""raspy"", ""kernel"": 51}",full,"{""budget"": ""matched"", ""copies"": 4, ""strength"": 1.0}",mse,0.8090277777777778,0.8090277777777778,0.8090277777777778,0.8067146569228725,0.7453703703703703,288,288,288,288,1828,1157.4886266328394,77071360
raspy_mil,bci2a-8d67ffd209b08da2ae6f,bci2a,A09-time-50,42,strict,mil,dense,"{""d"": 2, ""dropout"": 0.5, ""extra"": 0, ""f1"": 8, ""f2"": 16, ""family"": ""raspy"", ""kernel"": 51}",full,"{""budget"": ""matched"", ""copies"": 4, ""strength"": 1.0}",mse,0.7743055555555556,0.6117831541218638,0.7743055555555556,0.7767961301726334,0.6990740740740741,288,288,288,288,1444,608.8338660746813,125325824
raspy_window,bci2a-92c8e4db97047d9bdac1,bci2a,A06-time-50,42,strict,window,dense,"{""d"": 2, ""dropout"": 0.5, ""extra"": 0, ""f1"": 8, ""f2"": 16, ""family"": ""raspy"", ""kernel"": 51}",full,"{""budget"": ""matched"", ""copies"": 4, ""strength"": 1.0}",mse,0.3229166666666667,0.3185483870967742,0.3229166666666667,0.22523969611534278,0.09722222222222221,288,288,288,288,1444,433.1998817026615,125331968
raspy_whole,bci2a-933dc2b7653f40efab42,bci2a,A04-time-50,42,strict,whole,whole,"{""d"": 2, ""dropout"": 0.5, ""extra"": 0, ""f1"": 8, ""f2"": 16, ""family"": ""raspy"", ""kernel"": 51}",full,"{""budget"": ""matched"", ""copies"": 4, ""strength"": 1.0}",mse,0.5416666666666666,0.5416666666666666,0.5416666666666666,0.5313675673521441,0.38888888888888884,288,288,288,288,1828,718.8996214289218,76986880
standard_window,bci2a-947388ebee523da5e083,bci2a,A07-time-50,42,strict,window,dense,"{""d"": 2, ""dropout"": 0.5, ""extra"": 0, ""f1"": 8, ""f2"": 16, ""family"": ""standard"", ""kernel"": 51}",full,"{""budget"": ""matched"", ""copies"": 4, ""strength"": 1.0}",mse,0.6666666666666666,0.556899641577061,0.6666666666666666,0.6579752798864966,0.5555555555555556,288,288,288,288,1548,2056.7720788065344,125395456
standard_whole,bci2a-a0896351f1ddb103e1e3,bci2a,A03-time-50,42,strict,whole,whole,"{""d"": 2, ""dropout"": 0.5, ""extra"": 0, ""f1"": 8, ""f2"": 16, ""family"": ""standard"", ""kernel"": 51}",full,"{""budget"": ""matched"", ""copies"": 4, ""strength"": 1.0}",mse,0.8506944444444444,0.8506944444444444,0.8506944444444444,0.8489012231845028,0.8009259259259259,288,288,288,288,2124,1180.0289735682309,77055488
standard_whole,bci2a-a8a7c3868870e300afac,bci2a,A08-time-50,42,strict,whole,whole,"{""d"": 2, ""dropout"": 0.5, ""extra"": 0, ""f1"": 8, ""f2"": 16, ""family"": ""standard"", ""kernel"": 51}",full,"{""budget"": ""matched"", ""copies"": 4, ""strength"": 1.0}",mse,0.7951388888888888,0.7951388888888888,0.7951388888888888,0.7923560934963362,0.7268518518518519,288,288,288,288,2124,732.2022555395961,77021696
raspy_window,bci2a-a9a233206ebdf297204f,bci2a,A05-time-50,42,strict,window,dense,"{""d"": 2, ""dropout"": 0.5, ""extra"": 0, ""f1"": 8, ""f2"": 16, ""family"": ""raspy"", ""kernel"": 51}",full,"{""budget"": ""matched"", ""copies"": 4, ""strength"": 1.0}",mse,0.4305555555555556,0.38564068100358423,0.4305555555555556,0.3654505981014005,0.2407407407407407,288,288,288,288,1444,1993.171532748267,125424128
raspy_window,bci2a-aaf8d05b19ccef07decc,bci2a,A03-time-50,42,strict,window,dense,"{""d"": 2, ""dropout"": 0.5, ""extra"": 0, ""f1"": 8, ""f2"": 16, ""family"": ""raspy"", ""kernel"": 51}",full,"{""budget"": ""matched"", ""copies"": 4, ""strength"": 1.0}",mse,0.7708333333333334,0.6694668458781362,0.7708333333333334,0.7410986162124102,0.6944444444444444,288,288,288,288,1444,1957.9532867148519,125424128
standard_whole,bci2a-b5217e07d9d819d69af8,bci2a,A05-time-50,42,strict,whole,whole,"{""d"": 2, ""dropout"": 0.5, ""extra"": 0, ""f1"": 8, ""f2"": 16, ""family"": ""standard"", ""kernel"": 51}",full,"{""budget"": ""matched"", ""copies"": 4, ""strength"": 1.0}",mse,0.5694444444444444,0.5694444444444444,0.5694444444444444,0.5667003530331204,0.42592592592592593,288,288,288,288,2124,402.642229096964,77004800
raspy_window,bci2a-b5e7e2337cbce126d5af,bci2a,A08-time-50,42,strict,window,dense,"{""d"": 2, ""dropout"": 0.5, ""extra"": 0, ""f1"": 8, ""f2"": 16, ""family"": ""raspy"", ""kernel"": 51}",full,"{""budget"": ""matched"", ""copies"": 4, ""strength"": 1.0}",mse,0.7083333333333334,0.6052867383512545,0.7083333333333334,0.711440939620024,0.6111111111111112,288,288,288,288,1444,2314.5868613496423,125454848
standard_mil,bci2a-b7f34eea11534e9c94dd,bci2a,A03-time-50,42,strict,mil,dense,"{""d"": 2, ""dropout"": 0.5, ""extra"": 0, ""f1"": 8, ""f2"": 16, ""family"": ""standard"", ""kernel"": 51}",full,"{""budget"": ""matched"", ""copies"": 4, ""strength"": 1.0}",mse,0.8611111111111112,0.6804435483870968,0.8611111111111112,0.8579864872998676,0.8148148148148149,288,288,288,288,1548,891.3339962866157,125336064
standard_window,bci2a-c02b5ea03e5abb5548d7,bci2a,A04-time-50,42,strict,window,dense,"{""d"": 2, ""dropout"": 0.5, ""extra"": 0, ""f1"": 8, ""f2"": 16, ""family"": ""standard"", ""kernel"": 51}",full,"{""budget"": ""matched"", ""copies"": 4, ""strength"": 1.0}",mse,0.5763888888888888,0.4652777777777778,0.5763888888888888,0.5721471924302113,0.43518518518518523,288,288,288,288,1548,1559.0965530350804,125350912
raspy_whole,bci2a-c369bcc6323eb9ac3fd8,bci2a,A07-time-50,42,strict,whole,whole,"{""d"": 2, ""dropout"": 0.5, ""extra"": 0, ""f1"": 8, ""f2"": 16, ""family"": ""raspy"", ""kernel"": 51}",full,"{""budget"": ""matched"", ""copies"": 4, ""strength"": 1.0}",mse,0.7708333333333334,0.7708333333333334,0.7708333333333334,0.7682253361061309,0.6944444444444444,288,288,288,288,1828,779.3998055774719,77037568
standard_window,bci2a-c427700a0ee7b0d8169a,bci2a,A05-time-50,42,strict,window,dense,"{""d"": 2, ""dropout"": 0.5, ""extra"": 0, ""f1"": 8, ""f2"": 16, ""family"": ""standard"", ""kernel"": 51}",full,"{""budget"": ""matched"", ""copies"": 4, ""strength"": 1.0}",mse,0.4965277777777778,0.41364247311827956,0.4965277777777778,0.4740090826858977,0.3287037037037037,288,288,288,288,1548,2312.6795630306005,125410304
standard_window,bci2a-c4ce94b10dd862c7d2b9,bci2a,A02-time-50,42,strict,window,dense,"{""d"": 2, ""dropout"": 0.5, ""extra"": 0, ""f1"": 8, ""f2"": 16, ""family"": ""standard"", ""kernel"": 51}",full,"{""budget"": ""matched"", ""copies"": 4, ""strength"": 1.0}",mse,0.4930555555555556,0.415994623655914,0.4930555555555556,0.4282680256883898,0.32407407407407407,288,288,288,288,1548,1300.089364549145,125350912
raspy_mil,bci2a-c62410a5b8bd9544146d,bci2a,A02-time-50,42,strict,mil,dense,"{""d"": 2, ""dropout"": 0.5, ""extra"": 0, ""f1"": 8, ""f2"": 16, ""family"": ""raspy"", ""kernel"": 51}",full,"{""budget"": ""matched"", ""copies"": 4, ""strength"": 1.0}",mse,0.5,0.37925627240143367,0.5,0.45785451844903063,0.33333333333333337,288,288,288,288,1444,757.6449874211103,125341184
standard_mil,bci2a-d1732cce5e26ad56e803,bci2a,A07-time-50,42,strict,mil,dense,"{""d"": 2, ""dropout"": 0.5, ""extra"": 0, ""f1"": 8, ""f2"": 16, ""family"": ""standard"", ""kernel"": 51}",full,"{""budget"": ""matched"", ""copies"": 4, ""strength"": 1.0}",mse,0.6284722222222222,0.5193772401433692,0.6284722222222222,0.6246997864953621,0.5046296296296297,288,288,288,288,1548,1004.3107914887369,125365760
raspy_mil,bci2a-d5849a12d54f3b8df729,bci2a,A03-time-50,42,strict,mil,dense,"{""d"": 2, ""dropout"": 0.5, ""extra"": 0, ""f1"": 8, ""f2"": 16, ""family"": ""raspy"", ""kernel"": 51}",full,"{""budget"": ""matched"", ""copies"": 4, ""strength"": 1.0}",mse,0.7951388888888888,0.6450492831541219,0.7951388888888888,0.7874275750805179,0.7268518518518519,288,288,288,288,1444,891.445796854794,125341184
raspy_mil,bci2a-d91f17e63d52e23b56f6,bci2a,A04-time-50,42,strict,mil,dense,"{""d"": 2, ""dropout"": 0.5, ""extra"": 0, ""f1"": 8, ""f2"": 16, ""family"": ""raspy"", ""kernel"": 51}",full,"{""budget"": ""matched"", ""copies"": 4, ""strength"": 1.0}",mse,0.4826388888888889,0.39639336917562723,0.4826388888888889,0.47408982376425907,0.31018518518518523,288,288,288,288,1444,364.0798008237034,125279744
raspy_mil,bci2a-e23023b315a5e8b1fa34,bci2a,A05-time-50,42,strict,mil,dense,"{""d"": 2, ""dropout"": 0.5, ""extra"": 0, ""f1"": 8, ""f2"": 16, ""family"": ""raspy"", ""kernel"": 51}",full,"{""budget"": ""matched"", ""copies"": 4, ""strength"": 1.0}",mse,0.4756944444444444,0.3840725806451613,0.4756944444444444,0.4090877245814002,0.30092592592592593,288,288,288,288,1444,1288.5506709236652,125356544
raspy_whole,bci2a-ece5b5b5fcbc5d7490a7,bci2a,A02-time-50,42,strict,whole,whole,"{""d"": 2, ""dropout"": 0.5, ""extra"": 0, ""f1"": 8, ""f2"": 16, ""family"": ""raspy"", ""kernel"": 51}",full,"{""budget"": ""matched"", ""copies"": 4, ""strength"": 1.0}",mse,0.5729166666666666,0.5729166666666666,0.5729166666666666,0.5617036211239109,0.4305555555555556,288,288,288,288,1828,525.3611912690103,77003776
standard_mil,bci2a-f1c119514814c24f330f,bci2a,A02-time-50,42,strict,mil,dense,"{""d"": 2, ""dropout"": 0.5, ""extra"": 0, ""f1"": 8, ""f2"": 16, ""family"": ""standard"", ""kernel"": 51}",full,"{""budget"": ""matched"", ""copies"": 4, ""strength"": 1.0}",mse,0.5069444444444444,0.398073476702509,0.5069444444444444,0.465026075619296,0.34259259259259256,288,288,288,288,1548,756.8671531379223,125336064
